{"mean_read_length": 114.43815, "percent_trim": 28.044999999999998, "percent_discard": 0.0}